{
  "1": {
    "accuracy": 14,
    "ally_life": 15,
    "armour": 22,
    "evasion": 67,
    "life": 16,
    "physical_damage": 6.237499713897705
  },
  "2": {
    "accuracy": 15,
    "ally_life": 16,
    "armour": 26,
    "evasion": 86,
    "life": 19,
    "physical_damage": 6.949999928474426
  },
  "3": {
    "accuracy": 15,
    "ally_life": 18,
    "armour": 31,
    "evasion": 104,
    "life": 23,
    "physical_damage": 7.699999809265137
  },
  "4": {
    "accuracy": 16,
    "ally_life": 20,
    "armour": 36,
    "evasion": 124,
    "life": 27,
    "physical_damage": 8.512499928474426
  },
  "5": {
    "accuracy": 17,
    "ally_life": 22,
    "armour": 42,
    "evasion": 144,
    "life": 31,
    "physical_damage": 9.375
  },
  "6": {
    "accuracy": 18,
    "ally_life": 24,
    "armour": 48,
    "evasion": 166,
    "life": 36,
    "physical_damage": 10.28749942779541
  },
  "7": {
    "accuracy": 19,
    "ally_life": 27,
    "armour": 55,
    "evasion": 188,
    "life": 41,
    "physical_damage": 11.25
  },
  "8": {
    "accuracy": 20,
    "ally_life": 29,
    "armour": 62,
    "evasion": 211,
    "life": 46,
    "physical_damage": 12.274999618530273
  },
  "9": {
    "accuracy": 21,
    "ally_life": 32,
    "armour": 70,
    "evasion": 234,
    "life": 52,
    "physical_damage": 13.374999761581421
  },
  "10": {
    "accuracy": 23,
    "ally_life": 35,
    "armour": 78,
    "evasion": 259,
    "life": 58,
    "physical_damage": 14.524999856948853
  },
  "11": {
    "accuracy": 24,
    "ally_life": 38,
    "armour": 87,
    "evasion": 285,
    "life": 65,
    "physical_damage": 15.750000476837158
  },
  "12": {
    "accuracy": 25,
    "ally_life": 41,
    "armour": 97,
    "evasion": 311,
    "life": 72,
    "physical_damage": 17.050000429153442
  },
  "13": {
    "accuracy": 26,
    "ally_life": 44,
    "armour": 107,
    "evasion": 339,
    "life": 80,
    "physical_damage": 18.424999713897705
  },
  "14": {
    "accuracy": 28,
    "ally_life": 48,
    "armour": 119,
    "evasion": 368,
    "life": 89,
    "physical_damage": 19.887499809265137
  },
  "15": {
    "accuracy": 29,
    "ally_life": 52,
    "armour": 131,
    "evasion": 397,
    "life": 98,
    "physical_damage": 21.424999237060547
  },
  "16": {
    "accuracy": 31,
    "ally_life": 56,
    "armour": 144,
    "evasion": 428,
    "life": 108,
    "physical_damage": 23.062500953674316
  },
  "17": {
    "accuracy": 32,
    "ally_life": 60,
    "armour": 158,
    "evasion": 460,
    "life": 118,
    "physical_damage": 24.78749990463257
  },
  "18": {
    "accuracy": 34,
    "ally_life": 65,
    "armour": 173,
    "evasion": 493,
    "life": 129,
    "physical_damage": 26.61250114440918
  },
  "19": {
    "accuracy": 35,
    "ally_life": 70,
    "armour": 190,
    "evasion": 527,
    "life": 142,
    "physical_damage": 28.550000190734863
  },
  "20": {
    "accuracy": 37,
    "ally_life": 75,
    "armour": 207,
    "evasion": 563,
    "life": 155,
    "physical_damage": 30.587499141693115
  },
  "21": {
    "accuracy": 39,
    "ally_life": 81,
    "armour": 226,
    "evasion": 600,
    "life": 169,
    "physical_damage": 32.73750066757202
  },
  "22": {
    "accuracy": 41,
    "ally_life": 87,
    "armour": 246,
    "evasion": 638,
    "life": 184,
    "physical_damage": 35.012500286102295
  },
  "23": {
    "accuracy": 43,
    "ally_life": 93,
    "armour": 267,
    "evasion": 677,
    "life": 200,
    "physical_damage": 37.42500066757202
  },
  "24": {
    "accuracy": 45,
    "ally_life": 99,
    "armour": 290,
    "evasion": 718,
    "life": 217,
    "physical_damage": 39.94999885559082
  },
  "25": {
    "accuracy": 47,
    "ally_life": 106,
    "armour": 315,
    "evasion": 760,
    "life": 236,
    "physical_damage": 42.63750076293945
  },
  "26": {
    "accuracy": 49,
    "ally_life": 114,
    "armour": 341,
    "evasion": 804,
    "life": 255,
    "physical_damage": 45.45000076293945
  },
  "27": {
    "accuracy": 52,
    "ally_life": 121,
    "armour": 370,
    "evasion": 849,
    "life": 277,
    "physical_damage": 48.4375
  },
  "28": {
    "accuracy": 54,
    "ally_life": 130,
    "armour": 400,
    "evasion": 896,
    "life": 300,
    "physical_damage": 51.574997901916504
  },
  "29": {
    "accuracy": 57,
    "ally_life": 138,
    "armour": 432,
    "evasion": 944,
    "life": 324,
    "physical_damage": 54.88749980926514
  },
  "30": {
    "accuracy": 59,
    "ally_life": 148,
    "armour": 467,
    "evasion": 994,
    "life": 350,
    "physical_damage": 58.375000953674316
  },
  "31": {
    "accuracy": 62,
    "ally_life": 158,
    "armour": 504,
    "evasion": 1046,
    "life": 378,
    "physical_damage": 62.06250190734863
  },
  "32": {
    "accuracy": 65,
    "ally_life": 168,
    "armour": 543,
    "evasion": 1100,
    "life": 407,
    "physical_damage": 65.9375
  },
  "33": {
    "accuracy": 68,
    "ally_life": 179,
    "armour": 585,
    "evasion": 1155,
    "life": 438,
    "physical_damage": 70.0124979019165
  },
  "34": {
    "accuracy": 71,
    "ally_life": 190,
    "armour": 630,
    "evasion": 1212,
    "life": 472,
    "physical_damage": 74.31250095367432
  },
  "35": {
    "accuracy": 74,
    "ally_life": 203,
    "armour": 678,
    "evasion": 1271,
    "life": 508,
    "physical_damage": 78.85000228881836
  },
  "36": {
    "accuracy": 77,
    "ally_life": 215,
    "armour": 730,
    "evasion": 1332,
    "life": 547,
    "physical_damage": 83.61249923706055
  },
  "37": {
    "accuracy": 81,
    "ally_life": 229,
    "armour": 785,
    "evasion": 1395,
    "life": 588,
    "physical_damage": 88.63750457763672
  },
  "38": {
    "accuracy": 84,
    "ally_life": 244,
    "armour": 843,
    "evasion": 1460,
    "life": 632,
    "physical_damage": 93.91249656677246
  },
  "39": {
    "accuracy": 88,
    "ally_life": 259,
    "armour": 905,
    "evasion": 1528,
    "life": 678,
    "physical_damage": 99.47500228881836
  },
  "40": {
    "accuracy": 92,
    "ally_life": 275,
    "armour": 972,
    "evasion": 1597,
    "life": 729,
    "physical_damage": 105.32500267028809
  },
  "41": {
    "accuracy": 96,
    "ally_life": 292,
    "armour": 1042,
    "evasion": 1669,
    "life": 781,
    "physical_damage": 111.47500038146973
  },
  "42": {
    "accuracy": 100,
    "ally_life": 310,
    "armour": 1118,
    "evasion": 1743,
    "life": 838,
    "physical_damage": 117.93749809265137
  },
  "43": {
    "accuracy": 105,
    "ally_life": 328,
    "armour": 1198,
    "evasion": 1819,
    "life": 898,
    "physical_damage": 124.75000381469727
  },
  "44": {
    "accuracy": 109,
    "ally_life": 348,
    "armour": 1284,
    "evasion": 1898,
    "life": 963,
    "physical_damage": 131.899995803833
  },
  "45": {
    "accuracy": 114,
    "ally_life": 369,
    "armour": 1375,
    "evasion": 1979,
    "life": 1031,
    "physical_damage": 139.4124984741211
  },
  "46": {
    "accuracy": 119,
    "ally_life": 392,
    "armour": 1472,
    "evasion": 2063,
    "life": 1104,
    "physical_damage": 147.32500076293945
  },
  "47": {
    "accuracy": 124,
    "ally_life": 415,
    "armour": 1575,
    "evasion": 2150,
    "life": 1181,
    "physical_damage": 155.625
  },
  "48": {
    "accuracy": 129,
    "ally_life": 440,
    "armour": 1685,
    "evasion": 2239,
    "life": 1263,
    "physical_damage": 164.36250686645508
  },
  "49": {
    "accuracy": 135,
    "ally_life": 465,
    "armour": 1802,
    "evasion": 2331,
    "life": 1351,
    "physical_damage": 173.53750228881836
  },
  "50": {
    "accuracy": 140,
    "ally_life": 493,
    "armour": 1927,
    "evasion": 2426,
    "life": 1445,
    "physical_damage": 183.1624984741211
  },
  "51": {
    "accuracy": 146,
    "ally_life": 522,
    "armour": 2059,
    "evasion": 2524,
    "life": 1544,
    "physical_damage": 193.28750610351562
  },
  "52": {
    "accuracy": 152,
    "ally_life": 552,
    "armour": 2200,
    "evasion": 2626,
    "life": 1650,
    "physical_damage": 203.92499923706055
  },
  "53": {
    "accuracy": 159,